{"cameraMode":{"drawMode":0,"name":"Shaded","section":"Shading Mode"},"sceneLighting":false,"audioPlay":false,"sceneViewState":{"showFog":true,"showMaterialUpdate":false,"showSkybox":true,"showFlares":true,"showImageEffects":true,"showParticleSystems":true},"in2DMode":false,"pivot":{"x":5.050000190734863,"y":0.18000000715255738,"z":-1.3778046369552613},"rotation":{"x":0.11324558407068253,"y":0.5492938756942749,"z":-0.0754479318857193,"w":0.8244751691818237},"size":2.857893466949463,"orthographic":false}