{"cameraMode":{"drawMode":0,"name":"Shaded","section":"Shading Mode"},"sceneLighting":false,"audioPlay":false,"sceneViewState":{"showFog":true,"showMaterialUpdate":false,"showSkybox":true,"showFlares":true,"showImageEffects":true,"showParticleSystems":true},"in2DMode":false,"pivot":{"x":0.28521817922592165,"y":0.23168906569480897,"z":0.06322703510522843},"rotation":{"x":0.23641382157802583,"y":0.49996620416641238,"z":-0.14403825998306275,"w":0.8206066489219666},"size":2.642577648162842,"orthographic":false}